date,id,symbol,name,image,current_price,market_cap,market_cap_rank,fully_diluted_valuation,total_volume,high_24h,low_24h,price_change_24h,price_change_percentage_24h,market_cap_change_24h,market_cap_change_percentage_24h,circulating_supply,total_supply,max_supply,ath,ath_change_percentage,ath_date,atl,atl_change_percentage,atl_date,roi,last_updated,market_share
2022-11-01,bitcoin,btc,Bitcoin,https://assets.coingecko.com/coins/images/1/large/bitcoin.png?1547033579,20468.0,392093187906,1,428949264477.0,33160846215.0,20645.0,20285.0,13.53,0.06616,-561556246.6405029,-0.14302,19195643.0,21000000.0,21000000.0,69045.0,-70.36757,2021-11-10T14:24:11.849Z,67.81,30072.46007,2013-07-06T00:00:00.000Z,,2022-11-01T19:03:12.418Z,0.39317130482346063
2022-11-01,ethereum,eth,Ethereum,https://assets.coingecko.com/coins/images/279/large/ethereum.png?1595348880,1584.32,190266667543,2,190266667543.0,19705663767.0,1607.28,1556.11,12.41,0.78935,785953471.0,0.41479,120522672.499077,120522672.499077,,4878.26,-67.54815,2021-11-10T14:24:19.604Z,0.432979,365526.55698,2015-10-20T00:00:00.000Z,"{'times': 102.54795332371175, 'currency': 'btc', 'percentage': 10254.795332371175}",2022-11-01T19:02:55.289Z,0.19078983325827925
2022-11-01,tether,usdt,Tether,https://assets.coingecko.com/coins/images/325/large/Tether-logo.png?1598003707,1.0,69418093711,3,69418093711.0,58704984110.0,1.002,0.992282,-0.000854658950775189,-0.08537,-6963289.964508057,-0.01003,69419933938.3116,69419933938.3116,,1.32,-24.44078,2018-07-24T00:00:00.000Z,0.572521,74.61727,2015-03-02T00:00:00.000Z,,2022-11-01T19:00:42.220Z,0.06960896879762772
2022-11-01,binancecoin,bnb,BNB,https://assets.coingecko.com/coins/images/825/large/bnb-icon2_2x.png?1644979850,325.08,52928042853,4,64832218962.0,2641085267.0,334.12,317.59,-2.7197718035953926,-0.82971,-688204279.5840454,-1.28357,163276974.63,163276974.63,200000000.0,686.31,-52.67309,2021-05-10T07:24:17.097Z,0.0398177,815637.04541,2017-10-19T00:00:00.000Z,,2022-11-01T19:03:13.905Z,0.053073576160305454
2022-11-01,usd-coin,usdc,USD Coin,https://assets.coingecko.com/coins/images/6319/large/USD_Coin_icon.png?1547042389,1.002,43390960110,5,43340686354.0,3374368674.0,1.004,0.996613,0.00182038,0.18202,-74445575.55286407,-0.17128,43374307397.5488,43324052936.1022,,1.17,-14.55508,2019-05-08T00:40:28.300Z,0.891848,12.35299,2021-05-19T13:14:05.611Z,,2022-11-01T19:03:16.624Z,0.043510269829225894
2022-11-01,ripple,xrp,XRP,https://assets.coingecko.com/coins/images/44/large/xrp-symbol-white-128.png?1605778731,0.462463,23135603476,6,46192303883.0,1527427018.0,0.465017,0.451605,0.01010777,2.23448,397992979.0,1.75037,50085407159.0,99989240406.0,100000000000.0,3.4,-86.38678,2018-01-07T00:00:00.000Z,0.00268621,17122.74188,2014-05-22T00:00:00.000Z,,2022-11-01T19:03:19.785Z,0.023199218163203177
2022-11-01,binance-usd,busd,Binance USD,https://assets.coingecko.com/coins/images/9576/large/BUSD.png?1568947766,1.001,21170209468,7,21170209468.0,8569181005.0,1.003,0.99311,9.37108e-07,9e-05,83873.0,0.0004,21170543649.95,21170543649.95,,1.15,-13.28301,2020-03-13T02:35:42.953Z,0.901127,11.071,2021-05-19T13:04:37.445Z,,2022-11-01T19:03:06.456Z,0.02122842002017901
2022-11-01,dogecoin,doge,Dogecoin,https://assets.coingecko.com/coins/images/5/large/dogecoin.png?1547792256,0.139747,19084967326,8,,9085909140.0,0.156697,0.12315,0.01153055,8.99301,1444927937.0,8.19118,136723536383.705,,,0.731578,-80.82971,2021-05-08T05:08:23.458Z,8.69e-05,161280.43481,2015-05-06T00:00:00.000Z,,2022-11-01T19:02:58.937Z,0.01913744420338017
2022-11-01,cardano,ada,Cardano,https://assets.coingecko.com/coins/images/975/large/cardano.png?1547034860,0.403429,14112436004,9,18121251041.0,433109687.0,0.413909,0.399663,-0.001820313063961354,-0.44918,-95688214.86866379,-0.67348,35045020830.3234,45000000000.0,45000000000.0,3.09,-86.93038,2021-09-02T06:00:10.474Z,0.01925275,1995.53251,2020-03-13T02:22:55.044Z,,2022-11-01T19:03:17.144Z,0.01415124018747421
2022-11-01,solana,sol,Solana,https://assets.coingecko.com/coins/images/4128/large/solana.png?1640133422,32.39,11597434459,10,,1377029337.0,33.31,32.2,-0.3887956690366394,-1.18614,-199887117.9208851,-1.69434,359332284.858636,532544657.125186,,259.96,-87.5437,2021-11-06T21:54:35.825Z,0.500801,6365.89905,2020-05-11T19:35:23.449Z,,2022-11-01T19:03:22.920Z,0.011629323282052918
2022-11-01,matic-network,matic,Polygon,https://assets.coingecko.com/coins/images/4713/large/matic-token-icon.png?1624446912,0.88209,7794438177,11,8798584866.0,324343620.0,0.908947,0.87717,-0.022686974707202268,-2.50747,-230279809.2713518,-2.86963,8858740690.28493,10000000000.0,10000000000.0,2.92,-69.0334,2021-12-27T02:08:34.307Z,0.00314376,28625.71639,2019-05-10T00:00:00.000Z,"{'times': 334.3952891354124, 'currency': 'usd', 'percentage': 33439.52891354124}",2022-11-01T19:03:14.947Z,0.007815870111856107
2022-11-01,polkadot,dot,Polkadot,https://assets.coingecko.com/coins/images/12171/large/polkadot.png?1639712644,6.52,7591230631,12,8117778247.0,347135585.0,6.7,6.47,-0.16222538625798233,-2.42953,-204402664.74390125,-2.62201,1167042672.41041,1247991805.28458,,54.98,-88.1679,2021-11-04T14:10:09.301Z,2.7,141.16778,2020-08-20T05:48:11.359Z,,2022-11-01T19:03:03.263Z,0.007612103817324238
2022-11-01,shiba-inu,shib,Shiba Inu,https://assets.coingecko.com/coins/images/11939/large/shiba.png?1622619446,1.274e-05,7511613439,13,,1055109980.0,1.343e-05,1.223e-05,3.28546e-07,2.64721,180879029.0,2.46741,589372739782214.6,999991079353073.0,,8.616e-05,-85.20981,2021-10-28T03:54:55.568Z,5.6366e-11,22607424.95136,2020-11-28T11:26:25.838Z,,2022-11-01T19:03:15.245Z,0.007532267706342058
2022-11-01,staked-ether,steth,Lido Staked Ether,https://assets.coingecko.com/coins/images/13442/large/steth_logo.png?1608607546,1581.64,7335217305,14,7335217305.0,11090593.0,1606.06,1555.23,10.34,0.65797,53399893.0,0.73333,4647118.89847733,4647118.89847733,4647118.89847733,4829.57,-67.31441,2021-11-10T14:40:47.256Z,482.9,226.89708,2020-12-22T04:08:21.854Z,,2022-11-01T19:03:22.972Z,0.007355386545664457
2022-11-01,tron,trx,TRON,https://assets.coingecko.com/coins/images/1094/large/tron-logo.png?1547035066,0.062888,5792376374,15,5792375914.0,253862341.0,0.063442,0.062269,-0.000241498832205478,-0.38255,-25614443.235757828,-0.44026,92254400337.355,92254393000.2026,,0.231673,-72.85596,2018-01-05T00:00:00.000Z,0.00180434,3385.22391,2017-11-12T00:00:00.000Z,"{'times': 32.09873506969802, 'currency': 'usd', 'percentage': 3209.8735069698027}",2022-11-01T19:03:03.204Z,0.005808303350427363
2022-11-01,dai,dai,Dai,https://assets.coingecko.com/coins/images/9956/large/4943.png?1636636734,1.001,5651809006,16,5651809006.0,242832870.0,1.003,0.99512,0.00267896,0.26831,-44560530.610281944,-0.78226,5657903930.56817,5657903930.56817,5657903930.56817,1.22,-17.86707,2020-03-13T03:02:50.373Z,0.903243,10.83875,2019-11-25T00:04:18.137Z,,2022-11-01T19:00:36.177Z,0.005667349472122777
2022-11-01,avalanche-2,avax,Avalanche,https://assets.coingecko.com/coins/images/12559/large/coin-round-red.png?1604021818,18.7,5570497507,17,13431806862.0,453483366.0,19.43,18.61,-0.2391008703187687,-1.26257,-88607481.87089348,-1.56575,298601539.31981,413350799.31981,720000000.0,144.96,-87.13693,2021-11-21T14:18:56.538Z,2.8,565.69219,2020-12-31T13:15:21.540Z,,2022-11-01T19:03:01.435Z,0.005585814395398502
2022-11-01,uniswap,uni,Uniswap,https://assets.coingecko.com/coins/images/12504/large/uniswap-uni.png?1600306604,7.28,5465327449,18,7250688692.0,227732459.0,7.39,6.85,0.316807,4.55067,230768745.0,4.40856,753766667.0,1000000000.0,1000000000.0,44.92,-83.82298,2021-05-03T05:25:04.822Z,1.03,605.35912,2020-09-17T01:20:38.214Z,,2022-11-01T19:02:51.493Z,0.005480355157116269
2022-11-01,wrapped-bitcoin,wbtc,Wrapped Bitcoin,https://assets.coingecko.com/coins/images/7598/large/wrapped_bitcoin_wbtc.png?1548822744,20474.0,5008975734,19,5008975734.0,158615297.0,20649.0,20325.0,-19.551785406976705,-0.0954,-19957683.298416138,-0.39686,245379.85135981,245379.85135981,245379.85135981,70643.0,-71.02263,2021-11-10T14:40:19.650Z,3139.17,552.10171,2019-04-02T00:00:00.000Z,,2022-11-01T19:03:20.445Z,0.005022748637086676
2022-11-01,leo-token,leo,LEO Token,https://assets.coingecko.com/coins/images/8418/large/leo-token.png?1558326215,4.55,4238205096,20,,1141663.0,4.66,4.5,0.01061644,0.2341,3632481.0,0.08578,933555149.9,985239504.0,,8.14,-44.17152,2022-02-08T17:40:10.285Z,0.799859,467.82982,2019-12-24T15:14:35.376Z,,2022-11-01T19:03:19.508Z,0.0042498586537628065
2022-11-01,okb,okb,OKB,https://assets.coingecko.com/coins/images/4463/large/WeChat_Image_20220118095654.png?1642471050,16.51,4137314949,21,,41874413.0,17.31,16.16,-0.3594177412518924,-2.131,-158343240.72863388,-3.68612,251627611.56,300000000.0,,44.01,-62.47462,2021-05-03T01:03:16.108Z,0.580608,2744.11497,2019-01-14T00:00:00.000Z,,2022-11-01T19:03:11.219Z,0.00414869109471475
2022-11-01,cosmos,atom,Cosmos Hub,https://assets.coingecko.com/coins/images/1481/large/cosmos_hub.png?1555657960,14.13,4128692727,22,,399502432.0,14.41,13.81,-0.1453315702849931,-1.01821,-51777861.743904114,-1.23857,292586163.827428,,,44.45,-68.21824,2022-01-17T00:34:41.497Z,1.16,1117.72841,2020-03-13T02:27:44.591Z,"{'times': 140.2790643797206, 'currency': 'usd', 'percentage': 14027.90643797206}",2022-11-01T19:03:22.409Z,0.004140045164668574
2022-11-01,litecoin,ltc,Litecoin,https://assets.coingecko.com/coins/images/2/large/litecoin.png?1547033580,55.38,3954798265,23,4645169543.0,563385475.0,55.84,54.38,0.770854,1.41169,47589301.0,1.21799,71515808.2334713,84000000.0,84000000.0,410.26,-86.50058,2021-05-10T03:13:07.904Z,1.15,4720.74094,2015-01-14T00:00:00.000Z,,2022-11-01T19:02:53.995Z,0.003965672554699882
2022-11-01,chainlink,link,Chainlink,https://assets.coingecko.com/coins/images/877/large/chainlink-new-logo.png?1547034700,7.73,3787385082,24,7704201187.0,455989703.0,7.97,7.63,-0.24472239390957196,-3.06972,-132729934.08224297,-3.38587,491599971.2305644,1000000000.0,1000000000.0,52.7,-85.3494,2021-05-10T00:13:57.214Z,0.148183,5110.01644,2017-11-29T00:00:00.000Z,,2022-11-01T19:03:06.649Z,0.0037977990449450053
2022-11-01,ftx-token,ftt,FTX,https://assets.coingecko.com/coins/images/9026/large/F.png?1609051564,25.84,3444337963,25,8478087653.0,60540710.0,26.39,25.62,-0.17905914570395964,-0.6882,-34070378.01139307,-0.97948,133618094.97959524,328895112.304385,328895112.304385,84.18,-69.30934,2021-09-09T16:59:43.151Z,1.15,2147.17295,2019-09-06T00:00:00.000Z,,2022-11-01T19:03:22.872Z,0.0034538086682861435
2022-11-01,ethereum-classic,etc,Ethereum Classic,https://assets.coingecko.com/coins/images/453/large/ethereum-classic-logo.png?1547034169,24.22,3321236426,26,5082417462.0,771570310.0,24.51,23.82,0.12268,0.50917,-2711233.6146535873,-0.08157,137687334.853736,210700000.0,210700000.0,167.09,-85.53482,2021-05-06T18:34:22.133Z,0.615038,3829.70923,2016-07-25T00:00:00.000Z,"{'times': 52.81481577944, 'currency': 'usd', 'percentage': 5281.481577944}",2022-11-01T19:03:19.437Z,0.0033303686458094795
2022-11-01,crypto-com-chain,cro,Cronos,https://assets.coingecko.com/coins/images/7310/large/oCw2s3GI_400x400.jpeg?1645172042,0.112419,2833660580,27,,30378090.0,0.11487,0.111774,-0.001240340380420674,-1.09128,-40108665.451090336,-1.39568,25263013692.0,30263013692.0,,0.965407,-88.35879,2021-11-24T15:53:54.855Z,0.0121196,827.30052,2019-02-08T00:00:00.000Z,,2022-11-01T19:03:12.359Z,0.0028414521395166412
2022-11-01,stellar,xlm,Stellar,https://assets.coingecko.com/coins/images/100/large/Stellar_symbol_black_RGB.png?1552356157,0.110697,2831090351,28,5524978042.0,74995698.0,0.112297,0.109617,-0.00025475870887938,-0.22961,-11799559.371425152,-0.41506,25621744952.9231,50001787556.2455,50001787556.2455,0.875563,-87.35707,2018-01-03T00:00:00.000Z,0.00047612,23149.61561,2015-03-05T00:00:00.000Z,,2022-11-01T19:03:24.103Z,0.0028388748433003466
2022-11-01,monero,xmr,Monero,https://assets.coingecko.com/coins/images/69/large/monero_logo.png?1547033729,150.63,2722360640,29,,347626563.0,150.42,146.96,2.85,1.92876,41596955.0,1.55168,18147820.3764146,,,542.33,-72.27021,2018-01-09T00:00:00.000Z,0.216177,69466.11314,2015-01-14T00:00:00.000Z,,2022-11-01T19:03:10.016Z,0.002729846164237459
2022-11-01,algorand,algo,Algorand,https://assets.coingecko.com/coins/images/4380/large/download.png?1547039725,0.355717,2504263442,30,3545788814.0,151092408.0,0.368064,0.346667,-0.004705555209547131,-1.30557,-45166992.961322784,-1.77165,7062641273.58331,7291157567.67035,10000000000.0,3.56,-90.01457,2019-06-20T14:51:19.480Z,0.105336,237.5846,2020-03-13T02:20:48.438Z,"{'times': -0.8517844846059068, 'currency': 'usd', 'percentage': -85.17844846059069}",2022-11-01T19:03:03.820Z,0.0025111492764543484
2022-11-01,near,near,NEAR Protocol,https://assets.coingecko.com/coins/images/10365/large/near_icon.png?1601359077,3.05,2483313707,31,3036832779.0,264218739.0,3.16,3.04,-0.06176712628355041,-1.98607,-61172383.341459274,-2.40412,817731461.594431,1000000000.0,1000000000.0,20.44,-85.14407,2022-01-16T22:09:45.873Z,0.526762,476.40262,2020-11-04T16:09:15.137Z,,2022-11-01T19:03:09.933Z,0.0024901419371286
2022-11-01,quant-network,qnt,Quant,https://assets.coingecko.com/coins/images/3370/large/5ZOu7brX_400x400.jpg?1612437252,164.51,2389970261,32,2401194008.0,46614176.0,168.1,163.4,-0.38321961298385077,-0.23241,-6186724.379833221,-0.25819,14544190.764091088,14612493.0,14612493.0,427.42,-61.52685,2021-09-11T09:15:00.668Z,0.215773,76110.91986,2018-08-23T00:00:00.000Z,"{'times': 43.63605948854664, 'currency': 'eth', 'percentage': 4363.605948854664}",2022-11-01T19:03:14.943Z,0.002396541829826209
2022-11-01,bitcoin-cash,bch,Bitcoin Cash,https://assets.coingecko.com/coins/images/780/large/bitcoin-cash-circle.png?1594689492,115.73,2219901566,33,2425860767.0,1682380657.0,116.26,114.08,0.819384,0.71309,13449193.0,0.60954,19217068.6466509,21000000.0,21000000.0,3785.82,-96.94531,2017-12-20T00:00:00.000Z,76.93,50.31588,2018-12-16T00:00:00.000Z,,2022-11-01T19:03:09.536Z,0.002226005506357096
2022-11-01,vechain,vet,VeChain,https://assets.coingecko.com/coins/images/1167/large/VeChain-Logo-768x725.png?1547035194,0.02359821,1706927729,34,2041233762.0,50879770.0,0.02411665,0.02346094,-0.000246870253321742,-1.03531,-25151625.596447945,-1.45211,72511146418.0,85985041177.0,86712634466.0,0.280991,-91.60494,2021-04-19T01:08:21.675Z,0.00191713,1130.45035,2020-03-13T02:29:59.652Z,"{'times': 4.2116472687386395, 'currency': 'eth', 'percentage': 421.16472687386397}",2022-11-01T19:03:12.533Z,0.001711621173615413
2022-11-01,flow,flow,Flow,https://assets.coingecko.com/coins/images/13446/large/5f6294c0c7a8cda55cb1c936_Flow_Wordmark.png?1631696776,1.63,1682595795,35,2207315115.0,32561527.0,1.69,1.62,-0.026539819132386233,-1.60522,-44787060.97984028,-2.59277,1036200000.0,1359340091.58511,1359340091.58511,42.4,-96.1725,2021-04-05T13:49:10.098Z,1.24,31.35431,2022-06-18T20:11:35.436Z,,2022-11-01T19:03:09.590Z,0.0016872223354444428
2022-11-01,filecoin,fil,Filecoin,https://assets.coingecko.com/coins/images/12817/large/filecoin.png?1602753933,5.39,1679969443,36,10583803429.0,158013875.0,5.49,5.31,-0.001981803830816809,-0.03674,8340140.0,0.49892,312148544.0,1966535072.0,1966535072.0,236.84,-97.72673,2021-04-01T13:29:41.564Z,4.76,13.10734,2022-10-13T10:37:27.974Z,,2022-11-01T19:03:08.007Z,0.001684588761909844
2022-11-01,terra-luna,lunc,Terra Luna Classic,https://assets.coingecko.com/coins/images/8284/large/01_LunaClassic_color.png?1653547790,0.00023553,1622014434,37,1628060705.0,175927299.0,0.00024384,0.00023442,-6.896074491341e-06,-2.84459,-49526118.67750192,-2.9629,6881421474787.86,6907072876045.07,,119.18,-99.9998,2022-04-05T12:24:58.854Z,9.99967e-07,23446.32967,2022-05-13T02:34:40.340Z,,2022-11-01T19:03:15.225Z,0.00162647439723221
2022-11-01,apecoin,ape,ApeCoin,https://assets.coingecko.com/coins/images/24383/large/apecoin.jpg?1647476455,4.62,1447993311,38,4608233312.0,167511886.0,4.76,4.59,-0.07561669825479367,-1.60974,-31016876.304947138,-2.09714,314218750.0,1000000000.0,1000000000.0,26.7,-82.72779,2022-04-28T21:44:21.164Z,3.1,48.75495,2022-06-15T09:20:22.479Z,,2022-11-01T19:03:09.957Z,0.0014519747779907837
2022-11-01,hedera-hashgraph,hbar,Hedera,https://assets.coingecko.com/coins/images/3688/large/hbar.png?1637045634,0.058845,1445902349,39,2936955499.0,33830151.0,0.06014,0.058656,-0.000971365160205406,-1.62391,-23879136.281693697,-1.62467,24615666624.4424,50000000000.0,50000000000.0,0.569229,-89.66717,2021-09-15T10:40:28.318Z,0.00986111,496.4587,2020-01-02T17:30:24.852Z,,2022-11-01T19:03:14.077Z,0.0014498780665884083
2022-11-01,elrond-erd-2,egld,Elrond,https://assets.coingecko.com/coins/images/12335/large/elrond3_360.png?1626341589,60.07,1423202566,40,1882120543.0,122858058.0,60.19,57.55,2.13,3.68461,45450335.0,3.29888,23755772.0,24516704.0,31415926.0,545.64,-89.02239,2021-11-23T10:33:26.737Z,6.51,820.56697,2020-10-07T01:44:53.554Z,,2022-11-01T19:03:21.397Z,0.0014271158672526242
2022-11-01,chain-2,xcn,Chain,https://assets.coingecko.com/coins/images/24210/large/Chain_icon_200x200.png?1646895054,0.065328,1410108413,41,3509736591.0,42943111.0,0.067102,0.059394,0.00585728,9.84898,133453910.0,10.45341,21482875840.70832,53470523779.0,53470523779.0,0.184139,-64.30784,2022-05-27T11:45:24.820Z,0.00287158,2188.74853,2022-06-14T06:35:07.084Z,,2022-11-01T19:03:21.796Z,0.0014139857099855148
2022-11-01,internet-computer,icp,Internet Computer,https://assets.coingecko.com/coins/images/14495/large/Internet_Computer_logo.png?1620703073,5.25,1409110376,42,2458286832.0,43304193.0,5.34,5.17,-0.040324610196106114,-0.762,-17999652.831758976,-1.26127,268957185.472242,491253668.718804,469213710.0,700.65,-99.2518,2021-05-10T16:05:53.653Z,4.68,12.0814,2022-10-21T12:30:05.026Z,,2022-11-01T19:03:16.890Z,0.0014129849287384656
2022-11-01,whitebit,wbt,WhiteBIT Token,https://assets.coingecko.com/coins/images/27045/large/WBT_250x250px.png?1663654854,11.82,1362329815,43,4881521083.0,16221296.0,12.67,11.91,-0.8509074045341354,-6.717,-48164440.618392944,-3.41472,111631583.0,390631583.0,400000000.0,14.64,-16.67064,2022-10-28T12:32:18.119Z,3.07,297.57655,2022-09-21T23:38:03.675Z,,2022-11-01T19:03:21.580Z,0.0013660757378214509
2022-11-01,tokenize-xchange,tkx,Tokenize Xchange,https://assets.coingecko.com/coins/images/4984/large/Tokenize.png?1561602968,16.99,1357644764,44,1697140813.0,49288770.0,18.88,16.96,-1.8206039087595407,-9.6766,-148986906.0894599,-9.88874,79995999.94528414,100000000.0,100000000.0,22.3,-16.98333,2022-10-31T10:23:59.455Z,0.111255,16537.1317,2019-04-28T00:00:00.000Z,"{'times': 57.49880002877887, 'currency': 'usd', 'percentage': 5749.880002877886}",2022-11-01T19:03:14.965Z,0.0013613778045962603
2022-11-01,the-sandbox,sand,The Sandbox,https://assets.coingecko.com/coins/images/12129/large/sandbox_logo.jpg?1597397942,0.874074,1332669188,45,2617747366.0,340148124.0,0.90467,0.865065,-0.003399945040556518,-0.38747,5015617.0,0.37778,1527270208.2233226,3000000000.0,3000000000.0,8.4,-89.61759,2021-11-25T06:04:40.957Z,0.02897764,2908.48996,2020-11-04T15:59:14.441Z,,2022-11-01T19:03:20.229Z,0.0013363335546385394
2022-11-01,tezos,xtz,Tezos,https://assets.coingecko.com/coins/images/976/large/Tezos-logo.png?1547034862,1.42,1282522564,46,,32241860.0,1.44,1.4,-0.01048307373830748,-0.73324,-13019086.338616371,-1.00491,906742661.835563,,,9.12,-84.46221,2021-10-04T00:41:18.025Z,0.350476,304.14617,2018-12-07T00:00:00.000Z,"{'times': 2.019606961784151, 'currency': 'usd', 'percentage': 201.9606961784151}",2022-11-01T19:03:12.905Z,0.001286049045244568
2022-11-01,chiliz,chz,Chiliz,https://assets.coingecko.com/coins/images/8834/large/Chiliz.png?1561970540,0.227863,1218029586,47,2025972832.0,527485610.0,0.23421,0.21685,0.0069982,3.16854,39205933.0,3.32585,5344064580.0,8888888888.0,8888888888.0,0.878633,-74.06392,2021-03-13T08:04:21.200Z,0.00410887,5446.11721,2019-09-28T00:00:00.000Z,"{'times': 9.35741753803984, 'currency': 'usd', 'percentage': 935.7417538039841}",2022-11-01T19:03:09.139Z,0.0012213787344757673
2022-11-01,frax,frax,Frax,https://assets.coingecko.com/coins/images/13422/large/frax_logo.png?1608476506,1.004,1217988497,48,1217988497.0,5414190.0,1.004,0.992893,0.00584833,0.58604,-262207.61996150017,-0.02152,1216821863.12379,1216821863.12379,1216821863.12379,1.14,-12.21317,2021-02-07T12:55:35.766Z,0.891635,12.28426,2021-12-04T05:33:57.315Z,,2022-11-01T19:03:11.483Z,0.0012213375324956204
2022-11-01,aave,aave,Aave,https://assets.coingecko.com/coins/images/12645/large/AAVE.png?1601374110,84.74,1197617147,49,1353617575.0,100395960.0,85.85,82.97,1.22,1.46271,13842497.0,1.16935,14156047.254535241,16000000.0,16000000.0,661.69,-87.21719,2021-05-18T21:19:59.514Z,26.02,225.02816,2020-11-05T09:20:11.928Z,,2022-11-01T19:03:07.494Z,0.001200910168523065
2022-11-01,decentraland,mana,Decentraland,https://assets.coingecko.com/coins/images/878/large/decentraland-mana.png?1550108745,0.657127,1192121522,50,1440051056.0,130358305.0,0.681153,0.655653,-0.015518348464100277,-2.30706,-30229822.143842936,-2.47309,1815816205.4804044,2193457627.32015,2193457627.32015,5.85,-88.76074,2021-11-25T10:04:18.534Z,0.00923681,7019.2238,2017-10-31T00:00:00.000Z,"{'times': 31.85634371759808, 'currency': 'usd', 'percentage': 3185.634371759808}",2022-11-01T19:03:20.721Z,0.001195399432507451
2022-11-01,theta-token,theta,Theta Network,https://assets.coingecko.com/coins/images/2538/large/theta-token-logo.png?1548387191,1.19,1185025831,51,1185025831.0,35678208.0,1.19,1.15,0.02899583,2.49716,21747642.0,1.86951,1000000000.0,1000000000.0,1000000000.0,15.72,-92.44512,2021-04-16T13:15:11.190Z,0.04039979,2839.63216,2020-03-13T02:24:16.483Z,"{'times': 6.934334617499633, 'currency': 'usd', 'percentage': 693.4334617499634}",2022-11-01T19:03:15.515Z,0.0011882842308789982
2022-11-01,eos,eos,EOS,https://assets.coingecko.com/coins/images/738/large/eos-eos-logo.png?1547034481,1.15,1168688695,52,,226535869.0,1.17,1.13,0.02306002,2.03726,20657130.0,1.79935,1013787168.2699,,,22.71,-94.91585,2018-04-29T07:50:33.540Z,0.5024,129.83202,2017-10-23T00:00:00.000Z,"{'times': 0.16664181865022626, 'currency': 'usd', 'percentage': 16.664181865022627}",2022-11-01T19:03:11.566Z,0.0011719021735611898
2022-11-01,huobi-token,ht,Huobi,https://assets.coingecko.com/coins/images/2822/large/huobi-token-logo.png?1547036992,8.49,1112455305,53,4246281515.0,23113305.0,8.75,8.45,-0.21181627465696273,-2.43409,-27600456.625181675,-2.42097,130991704.2544121,500000000.0,500000000.0,39.66,-78.60033,2021-05-12T14:42:21.586Z,0.90862,834.08399,2019-01-30T00:00:00.000Z,"{'times': 7.576008263133249, 'currency': 'usd', 'percentage': 757.600826313325}",2022-11-01T19:03:15.102Z,0.001115514161723945
2022-11-01,lido-dao,ldo,Lido DAO,https://assets.coingecko.com/coins/images/13573/large/Lido_DAO.png?1609873644,1.49,1073665239,54,1483172238.0,13067627.0,1.54,1.46,-0.03362009164082003,-2.20978,-25263521.030580163,-2.29892,723897880.416637,1000000000.0,1000000000.0,7.3,-79.7278,2021-08-20T08:35:20.158Z,0.40615,264.50901,2022-06-18T20:55:12.035Z,,2022-11-01T19:03:24.061Z,0.0010766174368283714
2022-11-01,aptos,apt,Aptos,https://assets.coingecko.com/coins/images/26455/large/aptos_round.png?1666839629,8.2,1066302511,55,8210002520.0,204377340.0,8.28,7.8,0.34751,4.4262,45840429.0,4.49212,130000000.0,1000935772.48,,13.73,-40.21795,2022-10-19T01:03:53.771Z,6.73,21.93122,2022-10-19T03:53:04.558Z,,2022-11-01T19:03:11.702Z,0.0010692344639430728
2022-11-01,axie-infinity,axs,Axie Infinity,https://assets.coingecko.com/coins/images/13029/large/axie_infinity_logo.png?1604471082,9.09,989706677,56,2449464153.0,109938102.0,9.24,8.99,-0.001510310209075883,-0.0166,39765574.0,4.18611,109093575.6772524,270000000.0,270000000.0,164.9,-94.49651,2021-11-06T19:29:29.482Z,0.123718,7235.32164,2020-11-06T08:05:43.662Z,,2022-11-01T19:03:10.107Z,0.0009924280186216076
2022-11-01,kucoin-shares,kcs,KuCoin,https://assets.coingecko.com/coins/images/1047/large/sa9z79.png?1610678720,10.15,987861530,57,,1491143.0,10.22,10.04,0.02709857,0.26768,926978.0,0.09392,97512131.8656563,145012131.865572,,28.83,-64.79887,2021-12-01T15:09:35.541Z,0.342863,2859.91224,2019-02-07T00:00:00.000Z,,2022-11-01T19:03:17.588Z,0.00099057779812312
2022-11-01,bitcoin-cash-sv,bsv,Bitcoin SV,https://assets.coingecko.com/coins/images/6799/large/BSV.png?1558947902,47.27,906813707,58,,46011148.0,48.21,47.19,-0.12947078473349194,-0.27317,-3852914.123634815,-0.42309,19212907.894239,21000000.0,,489.75,-90.35,2021-04-16T17:09:04.630Z,42.02,12.47975,2018-11-23T00:00:00.000Z,,2022-11-01T19:03:17.028Z,0.0009093071224141343
2022-11-01,paxos-standard,usdp,Pax Dollar,https://assets.coingecko.com/coins/images/6013/large/Pax_Dollar.png?1629877204,0.998628,896694474,59,,15852076.0,1.003,0.994326,0.00021663,0.0217,-557507.9038413763,-0.06214,898543285.18,898543285.18,,1.13,-11.45731,2018-10-15T07:09:12.459Z,0.863529,15.6271,2021-05-19T13:14:42.046Z,"{'times': -0.0013723024745972, 'currency': 'usd', 'percentage': -0.13723024745972}",2022-11-01T19:03:23.817Z,0.0008991600651197432
2022-11-01,true-usd,tusd,TrueUSD,https://assets.coingecko.com/coins/images/3449/large/tusd.png?1618395665,1.001,819336782,60,,51571946.0,1.003,0.995566,0.00210195,0.21045,-6825864.892838359,-0.82621,819396624.551099,819396624.551099,,1.62,-38.15485,2018-08-26T20:41:09.375Z,0.88355,13.28978,2020-03-12T10:47:51.380Z,,2022-11-01T19:03:16.909Z,0.000821589666959541
2022-11-01,maker,mkr,Maker,https://assets.coingecko.com/coins/images/1364/large/Mark_Maker.png?1585191826,884.56,796303261,61,888421745.0,22032392.0,907.0,877.88,-22.437360134282812,-2.4738,-22134651.001856685,-2.7045,901310.9472893132,977631.036950888,1005577.0,6292.31,-85.94357,2021-05-03T21:54:29.333Z,168.36,425.35482,2020-03-16T20:52:36.527Z,,2022-11-01T19:03:13.981Z,0.000798492811962867
2022-11-01,compound-usd-coin,cusdc,cUSDC,https://assets.coingecko.com/coins/images/9442/large/Compound_USDC.png?1567581577,0.0227204,786017266,62,,287.67,0.02269608,0.02261734,5.018e-05,0.22136,-75075190.19062972,-8.7186,34663797317.3847,34699315551.4119,,0.058843,-61.38836,2020-10-21T11:24:27.820Z,0.00620705,266.04165,2021-03-04T08:11:37.438Z,,2022-11-01T19:03:10.328Z,0.0007881785341322428
2022-11-01,bittorrent,btt,BitTorrent,https://assets.coingecko.com/coins/images/22457/large/btt_logo.png?1643857231,8.16662e-07,774215671,63,810803271.0,13121138.0,8.25447e-07,8.09781e-07,2.98174e-10,0.03652,1917748.0,0.24832,945326125000000.0,990000000000000.0,990000000000000.0,3.43e-06,-76.12013,2022-01-21T04:00:31.909Z,7.01483e-07,16.80961,2022-06-18T21:29:51.935Z,,2022-11-01T19:03:19.455Z,0.0007763444889402605
2022-11-01,klay-token,klay,Klaytn,https://assets.coingecko.com/coins/images/9672/large/klaytn.png?1660288824,0.246076,761795078,64,,100792038.0,0.261707,0.245861,-0.015615502928940265,-5.96713,-51612950.174385905,-6.34527,3086160488.61509,,,4.34,-94.33035,2021-03-30T03:44:28.828Z,0.06044,307.02016,2020-04-29T08:19:34.574Z,,2022-11-01T19:03:14.949Z,0.000763889743723769
2022-11-01,osmosis,osmo,Osmosis,https://assets.coingecko.com/coins/images/16724/large/osmo.png?1632763885,1.56,736957762,65,1554892378.0,21577162.0,1.6,1.54,-0.026382079301649375,-1.66698,-12698297.887488723,-1.69388,473960624.0,325000000.0,1000000000.0,11.25,-86.16902,2022-03-04T05:12:18.707Z,0.68048,128.64126,2022-06-18T20:27:33.261Z,,2022-11-01T19:03:08.457Z,0.0007389841339319107
2022-11-01,ecash,xec,eCash,https://assets.coingecko.com/coins/images/16646/large/Logo_final-22.png?1628239446,3.793e-05,728166454,66,795855699.0,7189459.0,3.825e-05,3.757e-05,2.02749e-07,0.53739,2292937.0,0.31589,19213904673303.0,21000000000000.0,21000000000000.0,0.00038001,-90.04944,2021-09-04T17:09:31.137Z,1.847e-05,104.73005,2021-07-20T20:49:46.212Z,,2022-11-01T19:03:19.634Z,0.0007301686529593272
2022-11-01,usdd,usdd,USDD,https://assets.coingecko.com/coins/images/25380/large/UUSD.jpg?1651823371,0.996273,721646929,67,,67124290.0,0.999626,0.99262,0.00014071,0.01413,-926255.7910346985,-0.12819,725332037.645702,,,1.03,-3.35787,2022-05-12T07:24:01.007Z,0.928067,7.21229,2022-06-19T16:15:11.558Z,,2022-11-01T19:03:07.823Z,0.0007236312015826058
2022-11-01,iota,miota,IOTA,https://assets.coingecko.com/coins/images/692/large/IOTA_Swirl.png?1604238557,0.257243,714039108,68,,9853756.0,0.261562,0.255874,-0.00064944671425593,-0.25183,-2604539.9563964605,-0.36344,2779530283.277761,2779530283.0,,5.25,-95.09997,2017-12-19T00:00:00.000Z,0.081637,215.04194,2020-03-13T02:22:41.168Z,"{'times': 8.381542305032687, 'currency': 'btc', 'percentage': 838.1542305032686}",2022-11-01T19:03:10.939Z,0.000716002461778663
2022-11-01,evmos,evmos,Evmos,https://assets.coingecko.com/coins/images/24023/large/evmos.png?1653958927,2.02,680702500,69,2024360043.0,3666846.0,2.12,2.02,-0.09965685982823524,-4.6972,-31179468.595947504,-4.37986,336255649.20289,1000000000.0,,6.84,-70.27453,2022-04-28T21:20:31.780Z,1.12,81.88835,2022-06-13T10:08:39.859Z,,2022-11-01T19:02:57.413Z,0.0006825741899544393
2022-11-01,gatechain-token,gt,Gate,https://assets.coingecko.com/coins/images/8183/large/gt.png?1556085624,4.65,675755767,70,,2090676.0,4.72,4.6,0.02008412,0.43371,3542687.0,0.52702,145377816.68006182,300000000.0,,12.94,-64.07437,2021-05-12T11:39:16.531Z,0.25754,1705.32764,2020-03-13T02:18:02.481Z,,2022-11-01T19:02:55.485Z,0.0006776138551967502
2022-11-01,ethereum-pow-iou,ethw,EthereumPoW,https://assets.coingecko.com/coins/images/26997/large/logo-clear.png?1661311105,6.31,673712149,71,673711343.0,46374252.0,6.68,6.25,-0.33780936304456866,-5.08015,-38789096.878107905,-5.44407,106998827.04993,106998699.04993,,58.54,-89.26222,2022-09-03T00:10:33.722Z,4.17,50.89386,2022-09-19T02:51:46.433Z,,2022-11-01T19:03:22.916Z,0.0006755646179735487
2022-11-01,pancakeswap-token,cake,PancakeSwap,https://assets.coingecko.com/coins/images/12632/large/pancakeswap-cake-logo_%281%29.png?1629359065,4.62,672034058,72,3455817799.0,56264195.0,4.82,4.54,-0.15140404908155602,-3.17536,-13666508.583073497,-1.99307,145848413.475281,341583656.454657,750000000.0,43.96,-89.53044,2021-04-30T10:08:22.934Z,0.194441,2267.25286,2020-11-03T14:29:34.165Z,,2022-11-01T19:03:11.770Z,0.0006738819128196895
2022-11-01,zcash,zec,Zcash,https://assets.coingecko.com/coins/images/486/large/circle-zcash-color.png?1547034197,50.45,653413266,73,1060207098.0,119948079.0,53.28,50.08,-2.201898749319028,-4.18181,-29565297.386710882,-4.32888,12942451.1489903,21000000.0,21000000.0,3191.93,-98.41789,2016-10-29T00:00:00.000Z,19.75,155.64849,2020-03-13T02:20:55.002Z,,2022-11-01T19:03:23.323Z,0.0006552099202594886
2022-11-01,havven,snx,Synthetix Network,https://assets.coingecko.com/coins/images/3406/large/SNX.png?1598631139,2.57,617101631,74,781410074.0,77119267.0,2.61,2.46,0.106765,4.33271,24174424.0,4.07713,240495062.78843722,304528874.088774,304528874.088774,28.53,-90.99072,2021-02-14T01:12:38.505Z,0.0347864,7289.53785,2019-01-06T00:00:00.000Z,"{'times': 4.14184129258502, 'currency': 'usd', 'percentage': 414.184129258502}",2022-11-01T19:03:06.848Z,0.0006187984411683347
2022-11-01,the-graph,grt,The Graph,https://assets.coingecko.com/coins/images/13397/large/Graph_Token.png?1608145566,0.08304,613584680,75,829137880.0,35815658.0,0.087039,0.082815,-0.003035747068657419,-3.52682,-22261667.159345746,-3.50111,7400273157.0,10000000000.0,10000000000.0,2.84,-97.08561,2021-02-12T07:28:45.775Z,0.075165,10.17448,2022-10-21T12:26:12.669Z,,2022-11-01T19:03:09.204Z,0.0006152718198030033
2022-11-01,fantom,ftm,Fantom,https://assets.coingecko.com/coins/images/4001/large/Fantom.png?1558015016,0.238572,605450265,76,756469522.0,96255910.0,0.242593,0.233737,-0.00310324959629868,-1.28406,-11125128.70257032,-1.80434,2541152731.01,3175000000.0,3175000000.0,3.46,-93.10213,2021-10-28T05:19:39.845Z,0.00190227,12441.2325,2020-03-13T02:25:38.280Z,"{'times': 6.952393945750737, 'currency': 'usd', 'percentage': 695.2393945750737}",2022-11-01T19:03:07.167Z,0.0006071150380527111
2022-11-01,btse-token,btse,BTSE Token,https://assets.coingecko.com/coins/images/10807/large/BTSE_logo_Square.jpeg?1583965964,3.69,597993795,77,737983779.0,102910.0,3.77,3.38,0.175755,4.99706,37613536.0,6.71215,162061501.0,200000000.0,200000000.0,9.21,-59.92314,2022-03-23T09:11:07.549Z,0.631269,485.00011,2020-12-13T14:22:21.597Z,"{'times': 0.846460990151762, 'currency': 'usd', 'percentage': 84.6460990151762}",2022-11-01T19:02:27.730Z,0.0005996380654102284
2022-11-01,compound-ether,ceth,cETH,https://assets.coingecko.com/coins/images/10643/large/ceth2.JPG?1581389598,31.78,595388081,78,595383964.0,7.34,32.25,31.23,0.25931,0.82265,6238524.0,1.0589,18816235.7853713,18816105.6829442,,97.75,-67.48812,2021-11-21T12:39:57.508Z,1.89,1584.8194,2020-03-13T02:22:33.711Z,,2022-11-01T19:03:09.271Z,0.000597025186622795
2022-11-01,neo,neo,NEO,https://assets.coingecko.com/coins/images/480/large/NEO_512_512.png?1594357361,8.45,594292392,79,,37030169.0,8.57,8.34,-0.03803793547274558,-0.44837,-4274201.184926748,-0.71407,70530000.0,100000000.0,,198.38,-95.75056,2018-01-15T00:00:00.000Z,0.078349,10659.61,2016-10-21T00:00:00.000Z,"{'times': 233.59702308394753, 'currency': 'usd', 'percentage': 23359.702308394753}",2022-11-01T19:03:09.161Z,0.0005959264848674511
2022-11-01,radix,xrd,Radix,https://assets.coingecko.com/coins/images/4374/large/Radix.png?1629701658,0.057401,574786791,80,1376696237.0,328467.0,0.057435,0.055852,0.00057145,1.00554,6885034.0,1.21236,10020280878.7332,12420298842.9614,24000000000.0,0.651264,-91.19246,2021-11-14T16:09:27.130Z,0.04922059,16.53723,2022-10-22T19:25:10.015Z,,2022-11-01T19:03:16.115Z,0.0005763672503969599
2022-11-01,nexo,nexo,NEXO,https://assets.coingecko.com/coins/images/3695/large/nexo.png?1548086057,1.014,566787479,81,1012120480.0,5268025.0,1.022,0.983116,0.02313332,2.33535,11041012.0,1.9867,560000010.0064,1000000000.0,1000000000.0,4.07,-75.09159,2021-05-12T14:37:47.535Z,0.04515276,2144.08568,2018-09-13T00:00:00.000Z,"{'times': 9.13703872617203, 'currency': 'usd', 'percentage': 913.703872617203}",2022-11-01T19:03:22.140Z,0.0005683459431319024
2022-11-01,gemini-dollar,gusd,Gemini Dollar,https://assets.coingecko.com/coins/images/5992/large/gemini-dollar-gusd.png?1536745278,1.004,540700115,82,,1134084.0,1.005,0.99541,0.00432292,0.43223,59440179.0,12.35095,540147329.5,540147329.5,,3.3,-69.6022,2018-10-11T17:36:21.529Z,0.78261,28.32727,2018-09-29T00:00:00.000Z,"{'times': 0.004463010999618, 'currency': 'usd', 'percentage': 0.4463010999618}",2022-11-01T19:03:12.014Z,0.0005421868481523091
2022-11-01,cdai,cdai,cDAI,https://assets.coingecko.com/coins/images/9281/large/cDAI.png?1576467585,0.02209526,536142669,83,,22.64,0.02212005,0.02202791,-1.8712582090449e-05,-0.08462,6335100.0,1.19574,24249403608.4009,24249403834.7332,,0.03159087,-30.05808,2020-10-12T21:29:00.007Z,0.00728854,203.15051,2020-03-18T04:29:40.819Z,,2022-11-01T19:00:17.374Z,0.0005376168707955179
2022-11-01,helium,hnt,Helium,https://assets.coingecko.com/coins/images/4284/large/Helium_HNT.png?1612620071,3.92,515758955,84,873707064.0,2178114.0,4.04,3.92,-0.0754051092563901,-1.88708,-11016018.591795921,-2.09122,131639369.463559,223000000.0,223000000.0,54.88,-92.85618,2021-11-12T23:08:25.301Z,0.113248,3361.7208,2020-04-18T00:19:10.902Z,,2022-11-01T19:03:15.334Z,0.0005171771088263567
2022-11-01,trust-wallet-token,twt,Trust Wallet,https://assets.coingecko.com/coins/images/11085/large/Trust.png?1588062702,1.23,511604865,85,,14069577.0,1.25,1.2,0.01345609,1.10922,6005812.0,1.18786,416649900.0,1000000000.0,,1.64,-25.18815,2021-09-05T04:29:59.672Z,0.00277641,44078.19336,2020-06-09T09:15:06.983Z,,2022-11-01T19:03:14.410Z,0.0005130115965552136
2022-11-01,arweave,ar,Arweave,https://assets.coingecko.com/coins/images/4343/large/oRt6SiEN_400x400.jpg?1591059616,10.19,509854555,86,671550721.0,33149796.0,10.44,10.0,0.125969,1.25159,3312044.0,0.65385,50108502.0,64598643.0,66000000.0,89.24,-88.5802,2021-11-05T04:14:42.689Z,0.298788,3310.60754,2020-01-31T06:47:36.543Z,"{'times': 12.771277852515784, 'currency': 'usd', 'percentage': 1277.1277852515784}",2022-11-01T19:03:22.313Z,0.000511256473824771
2022-11-01,curve-dao-token,crv,Curve DAO,https://assets.coingecko.com/coins/images/12124/large/Curve.png?1597369484,0.891038,502098616,87,2935815138.0,47330806.0,0.901628,0.875874,0.00727051,0.82267,2208251.0,0.44175,564901692.6099275,1845678564.55603,3303030299.0,15.37,-94.21696,2020-08-14T00:00:00.000Z,0.331577,168.1047,2020-11-05T13:09:50.181Z,,2022-11-01T19:03:16.972Z,0.000503479208748969
2022-11-01,pax-gold,paxg,PAX Gold,https://assets.coingecko.com/coins/images/9519/large/paxg.PNG?1568542565,1641.05,493830381,88,,9978445.0,1648.98,1625.67,9.02,0.55247,2420408.0,0.49254,301102.983,301102.983,,2241.37,-26.80258,2021-05-17T19:02:29.657Z,1399.64,17.21748,2019-11-18T03:09:35.959Z,,2022-11-01T19:03:22.051Z,0.0004951882390412363
2022-11-01,mina-protocol,mina,Mina Protocol,https://assets.coingecko.com/coins/images/15628/large/JM4_vQ34_400x400.png?1621394004,0.676654,490400887,89,654800987.0,28513958.0,0.718699,0.670091,-0.010143997683539352,-1.477,-8065883.510094404,-1.61814,727137848.840039,970900732.840039,,9.09,-92.57961,2021-06-01T01:42:37.064Z,0.506233,33.24675,2022-10-13T10:36:04.274Z,,2022-11-01T19:03:19.936Z,0.0004917493151515729
2022-11-01,thorchain,rune,THORChain,https://assets.coingecko.com/coins/images/6595/large/RUNE.png?1614160507,1.57,471695366,90,784327379.0,58225355.0,1.6,1.56,0.00527708,0.33627,-129321.75973397493,-0.02741,300700561.0,500000000.0,500000000.0,20.87,-92.45668,2021-05-19T00:30:09.436Z,0.00851264,18391.41229,2019-09-28T00:00:00.000Z,"{'times': 40.43576967830292, 'currency': 'usd', 'percentage': 4043.5769678302922}",2022-11-01T19:03:09.919Z,0.0004729923606167346
2022-11-01,bitdao,bit,BitDAO,https://assets.coingecko.com/coins/images/17627/large/rI_YptK8.png?1653983088,0.430387,462316650,91,4298993265.0,14011582.0,0.436549,0.42861,-0.001022568028558324,-0.23703,-2924776.963888347,-0.62866,1075406778.1407099,10000000000.0,10000000000.0,3.1,-86.1395,2021-11-12T04:54:56.433Z,0.402081,6.93839,2022-06-18T20:44:32.363Z,,2022-11-01T19:03:11.851Z,0.00046358785648091495
2022-11-01,zilliqa,zil,Zilliqa,https://assets.coingecko.com/coins/images/2687/large/Zilliqa-logo.png?1547036894,0.03060338,458955698,92,641597695.0,39122017.0,0.03139688,0.0304839,-0.000276385234187077,-0.89504,-5385547.882172465,-1.15983,15021982996.1591,21000000000.0,21000000000.0,0.255376,-88.01914,2021-05-06T17:33:45.940Z,0.00239616,1176.88542,2020-03-13T02:22:55.161Z,"{'times': 1.2798895646903743, 'currency': 'eth', 'percentage': 127.98895646903743}",2022-11-01T19:03:24.177Z,0.00046021766305739183
2022-11-01,dash,dash,Dash,https://assets.coingecko.com/coins/images/19/large/dash-logo.png?1548385930,41.51,454057112,93,,91714059.0,42.43,41.2,-0.24022673274322415,-0.57544,-4667345.683016837,-1.01746,10985801.7964643,18920000.0,,1493.59,-97.2229,2017-12-20T00:00:00.000Z,0.213899,19291.62097,2014-02-14T00:00:00.000Z,,2022-11-01T19:03:10.485Z,0.00045530560768684136
2022-11-01,enjincoin,enj,Enjin Coin,https://assets.coingecko.com/coins/images/1102/large/enjin-coin-logo.png?1547035078,0.447261,446632743,94,446632743.0,25225703.0,0.460847,0.445166,-0.005004312818624457,-1.1065,-6506910.578774393,-1.43596,1000000000.0,1000000000.0,1000000000.0,4.82,-90.71367,2021-11-25T09:53:41.955Z,0.01865964,2298.43459,2017-11-12T00:00:00.000Z,,2022-11-01T19:03:21.807Z,0.0004478608243107
2022-11-01,frax-share,fxs,Frax Share,https://assets.coingecko.com/coins/images/13423/large/frax_share.png?1608478989,6.6,443796053,95,657842914.0,4091933.0,6.88,6.59,-0.09680493632362275,-1.4458,-7268093.677680671,-1.61132,67342895.0782596,99822984.1145714,99822984.1145714,42.8,-84.58578,2022-01-12T15:22:27.465Z,1.5,338.89204,2021-06-25T16:50:51.447Z,,2022-11-01T19:03:11.596Z,0.000445016334421355
2022-11-01,basic-attention-token,bat,Basic Attention,https://assets.coingecko.com/coins/images/677/large/basic-attention-token.png?1547034427,0.29706,442680929,96,444674975.0,25021663.0,0.301647,0.293239,0.00143683,0.48603,1271119.0,0.28797,1493273583.4163349,1500000000.0,1500000000.0,1.9,-84.38037,2021-11-28T00:23:51.354Z,0.072394,310.0624,2017-07-16T00:00:00.000Z,"{'times': 0.1996438851097056, 'currency': 'eth', 'percentage': 19.96438851097056}",2022-11-01T19:03:19.735Z,0.0004438981442266683
2022-11-01,rocket-pool,rpl,Rocket Pool,https://assets.coingecko.com/coins/images/2090/large/rocket_pool_%28RPL%29.png?1637662441,23.48,442563615,97,442563615.0,3247339.0,23.52,19.38,4.03,20.68933,69687364.0,18.68914,18900000.0000004,18900000.0000004,18900000.0000004,59.46,-60.51068,2021-11-09T04:03:31.003Z,0.00884718,265280.6576,2018-08-28T00:00:00.000Z,,2022-11-01T19:03:05.996Z,0.00044378050765486146
2022-11-01,kava,kava,Kava,https://assets.coingecko.com/coins/images/9761/large/kava.png?1663638871,1.42,437430270,98,,20464469.0,1.47,1.41,-0.05029424943509975,-3.42471,-15452340.418397784,-3.412,308785930.0,311274257.0,,9.12,-84.45234,2021-08-30T11:10:02.948Z,0.287137,393.83548,2020-03-13T02:24:16.835Z,,2022-11-01T19:03:12.542Z,0.00043863304778049393
2022-11-01,xdce-crowd-sale,xdc,XDC Network,https://assets.coingecko.com/coins/images/2912/large/xdc-icon.png?1633700890,0.03073564,423785052,99,,2909618.0,0.03167326,0.0303978,-0.000526770008691151,-1.68499,-8166683.820565343,-1.89065,13790774312.4,37790775472.35,,0.192754,-84.07762,2021-08-21T04:39:48.324Z,0.00039532,7663.63132,2019-07-22T00:00:00.000Z,"{'times': 1.5790057821592647, 'currency': 'eth', 'percentage': 157.90057821592646}",2022-11-01T19:03:10.709Z,0.0004249503102804822
2022-11-01,blockstack,stx,Stacks,https://assets.coingecko.com/coins/images/2069/large/Stacks_logo_full.png?1604112510,0.315884,422528515,100,572346086.0,7383229.0,0.31979,0.312455,0.00183973,0.58582,1217541.0,0.28899,1342119496.73767,1352464600.0,1818000000.0,3.39,-90.68285,2021-12-01T01:32:34.725Z,0.04559639,592.63676,2020-03-13T02:29:26.415Z,"{'times': 1.63236939043889, 'currency': 'usd', 'percentage': 163.236939043889}",2022-11-01T19:03:13.253Z,0.0004236903182503034
